ID Comet;NÚMERO de Estación ;NOMBRE;DIRECCIÓN;BARRIO;COMUNA;EMPLAZAMIENTO;LATITUD;LONGITUD
2;2;RETIRO I;Av. Dr. José María Ramos Mejía 1300;RETIRO;COMUNA 1;PLAZA;-34.592424135701144;-58.37470989599143
3;3;ADUANA;Moreno 4;MONSERRAT;COMUNA 1;VEREDA;-34.6111;-58.3682
4;4;PLAZA ROMA;Av. Corrientes 100;SAN NICOLAS;COMUNA 1;VEREDA;-34.60299498843603;58.368832321694654
5;5;PLAZA ITALIA;Av. Sarmiento 2601 ;PALERMO;COMUNA 14;VEREDA;-34.5807;-58.4204
6;6;PARQUE LEZAMA;Av. Martín Garcia 295 ;SAN TELMO;COMUNA 1;PLAZA;-34.6283;-58.3694
7;7;OBELISCO;Carlos Pellegrini 215 ;SAN NICOLAS;COMUNA 1;PLAZOLETA;-34.6055;-58.3808
8;8;CONGRESO;Virrey Cevallos 84;MONSERRAT;COMUNA 1;PLAZA;-34.6101;-58.3891
9;9;PARQUE LAS HERAS;Av. Cnel. Diaz 2300;PALERMO;COMUNA 14;PLAZA;-34.5856;-58.4078
12;12;PLAZA VICENTE LOPEZ;Parana 1307;RECOLETA;COMUNA 2;PLAZA;-34.5928;-58.3886
13;13;ONCE;Av. Pueyrredón 3;BALVANERA;COMUNA 3;PLAZA;-34.6101;-58.406
14;14;PACÍFICO ;Av. Int. Bullrich 550;PALERMO;COMUNA 14;VEREDA;-34.5778;-58.4253
17;17;PLAZA ALMAGRO;Bulnes 441;ALMAGRO;COMUNA 5;CALZADA;-34.6064;-58.4185
21;21;PARQUE PATRICIOS;Iguazu 201;PARQUE PATRICIOS;COMUNA 4;PLAZOLETA;-34.6403;-58.4065
22;22;ARENALES;Cerrito 1234;RETIRO;COMUNA 1;PLAZOLETA;-34.5943;-58.3828
23;23;SUIPACHA;Suipacha 691;SAN NICOLAS;COMUNA 1;VEREDA;-34.6003;-58.3796
24;24;ALSINA;Bernardo Irigoyen 150;MONSERRAT;COMUNA 1;PLAZOLETA;-34.6107;-58.3806
25;25;PLAZA GÜEMES;Gral. Lucio Norberto Mensilla 3828;PALERMO;COMUNA 14;PLAZA;-34.5897;-58.4165
26;26;JUANA MANSO I;462 Emma de la Barra;PUERTO MADERO;COMUNA 1;VEREDA;-34.6004;-58.3639
27;27;MONTEVIDEO;Av. Córdoba 1606;SAN NICOLAS;COMUNA 1;VEREDA;-34.5994;-58.3897
29;29;PARQUE CENTENARIO;Av. Patricias Argentinas 74;CABALLITO;COMUNA 6;PLAZA;-34.608;-58.4334
30;30;PEÑA;Peña 2300;RECOLETA;COMUNA 2;CALZADA;-34.5906;-58.3974
32;32;CATEDRAL;Bartolomé Mitre 470;SAN NICOLAS;COMUNA 1;VEREDA;-34.606854280458705;-58.37323075981733
33;33;FACULTAD DE MEDICINA;Pres. José Evaristo Uriburu 987;RECOLETA;COMUNA 2;VEREDA;-34.5977;-58.3989
35;35;INGENIERO BUTTY;Ing. Enrique Butty 291;RETIRO;COMUNA 1;PLAZOLETA;-34.5962;-58.3717
36;36;MAIPÙ;Tucumán 536;SAN NICOLAS;COMUNA 1;CALZADA;-34.600989;-58.374525
38;38;PLAZA LIBERTAD;Cerrito 990;RETIRO;COMUNA 1;VEREDA;-34.5972;-58.3826
41;41;PARQUE PATRICIOS II;3015 Av. Caseros;PARQUE PATRICIOS;COMUNA 4;VEREDA;-34.637404093626756;-58.40572857857674
43;334;CENTRO DE EXPOSICIONES;Figueroa Alcorta 2133;RECOLETA;COMUNA 2;PLAZOLETA;-34.5839;-58.391
44;44;ECOPARQUE;Av. Del Libertador 3260;PALERMO;COMUNA 14;VEREDA;-34.5759;-58.4135
45;45;URUGUAY;Uruguay 561;SAN NICOLAS;COMUNA 1;VEREDA;-34.6021;-58.3866
46;46;CHILE ;Perú 718;SAN TELMO;COMUNA 1;VEREDA;-34.616428;-58.374515
48;34;COLONIA EXPRESS;Elvira Rawson de Dellepiane 150;PUERTO MADERO;COMUNA 1 ;VEREDA;-34.624271;-58.363232
49;49;33 ORIENTALES;Constituciòn 4122;BOEDO;COMUNA 5;CALZADA;-34.6288;-58.4223
50;50;HOSPITAL RIVADAVIA;Pereyra Lucena 2516;PALERMO;COMUNA 14;CALZADA;-34.5837;-58.4011
51;51;TUCUMÀN;Tucuman 1087;SAN NICOLAS;COMUNA 1;PLAZOLETA;-34.6014;-58.3816
54;54;ACUÑA DE FIGUEROA;Lavalle 4010;ALMAGRO;COMUNA 5;CALZADA;-34.5982;-58.4219
56;56;PLAZA PALERMO VIEJO;Armenia 1829;PALERMO;COMUNA 14;CALZADA;-34.5885;-58.4258
57;57;BELGRANO;Balcarce 482;MONSERRAT;COMUNA 1;VEREDA;-34.613504;-58.370659
58;58;MINISTRO CARRANZA;Av, Santa Fe 5327 ;PALERMO;COMUNA 14;VEREDA;-34.5751;-58.4355
59;18;INDEPENDENCIA;Av. Independencia 1000;MONSERRAT;COMUNA 1;PLAZOLETA;-34.6176;-58.3799
60;60;25 DE MAYO;25 De May 0527;SAN NICOLAS;COMUNA 1;VEREDA;-34.6017;-58.3712
61;98;BENITO JUAREZ;Benito Juarez 2231;MONTE CASTRO;COMUNA 10;CALZADA;-34.6189;-58.5051
63;63;RECONQUISTA;Viamonte 555;SAN NICOLAS;COMUNA 1;VEREDA;-34.599813;-58.374677
64;64;RIOBAMBA;Riobamba 1264;RECOLETA;COMUNA 2;CALZADA;-34.594;-58.3944
65;65;JULIÁN ALVAREZ;Guemes 3822;PALERMO;COMUNA 14;CALZADA;-34.5872;-58.4159
66;66;BILLINGHURST;De La Carcova 3508;RECOLETA;COMUNA 2;CALZADA;-34.5946;-58.4139
68;105;PARQUE SAAVEDRA;García del Río 3590;SAAVEDRA;COMUNA 12;CALZADA;-34.5522;-58.4805
69;69;ECUADOR;Ecuador 1226;RECOLETA;COMUNA 2;PLAZOLETA;-34.5958;-58.4045
70;70;ARAOZ;Araoz 1413;PALERMO;COMUNA 14;CALZADA;-34.5927;-58.4258
71;71;CERRITO;Av. Pres. Roque Sáenz Peña 1194;SAN NICOLAS;COMUNA 1;VEREDA;-34.6034;-58.3822
73;73;RUY DIAZ DE GUZMAN;99 Ruy Díaz de Guzmán;LA BOCA;COMUNA 4;PLAZOLETA;-34.6305;-58.3717
74;74;INSTITUTO LELOIR;Juana de Ibarbourou 1037;CABALLITO;COMUNA 6;VEREDA;-34.6044;-58.4347
75;75;PLAZA PRIMERO DE MAYO;Pichincha 238;BALVANERA;COMUNA 3;CALZADA;-34.6124;-58.3989
76;76;AYACUCHO;Ayacucho 150;BALVANERA;COMUNA 3;CALZADA;-34.6071;-58.395
77;109;ESTACION PUEYRREDON;Bolivia 5071;VILLA PUEYRREDON;COMUNA 12;VEREDA;-34.5811;-58.5015
79;79;AZUCENA VILLAFLOR;Azucena Villaflor 260;PUERTO MADERO;COMUNA 1;PLAZOLETA;-34.6121;-58.3636
80;80;VALLE;Valle 486;CABALLITO;COMUNA 6;VEREDA;-34.62445120607348; -58.43426217687043
82;82;HOSPITAL ITALIANO;Rawson 394;ALMAGRO;COMUNA 5;CALZADA;-34.6074;-58.4263
83;83;PARANÀ;Lavalle 1590;SAN NICOLAS;COMUNA 1;CALZADA;-34.6031;-58.3893
85;85;AGÜERO;Aguero 1282;RECOLETA;COMUNA 2;CALZADA;-34.5945;-58.4089
86;86;SAAVEDRA;Saavedra 1019;SAN CRISTOBAL;COMUNA 3;CALZADA;-34.6213;-58.4018
87;87;GUAYAQUIL;Guayaquil 219;CABALLITO;COMUNA 6;CALZADA;-34.6198;-58.4313
89;89;CABELLO;3082 Cabello;PALERMO;COMUNA 14;CALZADA;-34.5825;-58.4054
91;91;PASCO;Pasco 708;BALVANERA;COMUNA 3;CALZADA;-34.6175;-58.3976
92;92;SALCEDO ;Salcedo 2908;PARQUE PATRICIOS;COMUNA 4;CALZADA;-34.6317;-58.405
93;93;CARLOS CALVO;Sarandi 1010;SAN CRISTOBAL;COMUNA 3;CALZADA;-34.6208;-58.3945
94;94;GUZMÁN;Av. Guzman 129;CHACARITA;COMUNA 15;PLAZA;-34.5917;-58.4497
95;95;ESMERALDA;Av. Antártida Argentina y Cecilia Grierson;PUERTO MADERO;COMUNA 1;VEREDA;-34.59836067704467;-58.368272681366086
96;96;CARLOS GARDEL;Guardia Vieja 3302;BALVANERA;COMUNA 3;CALZADA;-34.6029;-58.4116
98;37;CLAUDIA PIA BRAUDACCO;Esmeralda 5;SAN NICOLAS;COMUNA 1;VEREDA;-34.6082;-58.3778
99;99;MALABIA;Malabia 780;VILLA CRESPO;COMUNA 15;CALZADA;-34.5963;-58.4356
101;101;FITZ ROY;Fitz Roy 1092;CHACARITA;COMUNA 15;CALZADA;-34.5891;-58.4424
102;102;ROSETI;Roseti 390 ;CHACARITA;COMUNA 15;CALZADA;-34.585039;-58.449411
104;104;FEDERICO LACROZE;Av. Guzman 1000;CHACARITA;COMUNA 15;PLAZOLETA;-34.5857;-58.4602
107;107;HOSPITAL GARRAHAN;Av. Brasil 2290;PARQUE PATRICIOS;COMUNA 4;VEREDA;-34.630377186594856;-58.3958441087033
111;111;MACACHA GUEMES;350 Macacha Güemes;PUERTO MADERO;COMUNA 1;PLAZOLETA;-34.6048;-58.3639
112;112;9 DE JULIO;Bernardo de Irigoyen 320;MONSERRAT;COMUNA 1;PLAZOLETA;-34.6121;-58.3805
114;114;DELLA PAOLERA;Carlos M. Della Paolera 297;RETIRO;COMUNA 1;PLAZOLETA;-34.5949;-58.3723
116;116;HOSPITAL ALEMÁN;Beruti 2592;RECOLETA;COMUNA 2;CALZADA;-34.5921;-58.4028
117;117;HUMBERTO 1°;Av. Carlos Calvo 513;SAN TELMO;COMUNA 1;CALZADA;-34.619610;-58.373186
118;118;MÉXICO;Saavedra 618;BALVANERA;COMUNA 3;CALZADA;-34.6167;-58.4027
120;120;HOSPITAL RAMOS MEJÍA;Agrelo 3048;BALVANERA;COMUNA 3;CALZADA;-34.6176;-58.4092
121;121;YATAY;Yatay 925;ALMAGRO;COMUNA 5;CALZADA;-34.6007;-58.4283
122;122;COSTA RICA;Costa Rica 4060;PALERMO;COMUNA 14;PLAZA;34.591648;-58.419581
124;124;UGARTECHE;Ugarteche 3050;PALERMO;COMUNA 14;CALZADA;-34.5808;-58.4121
126;126;MINISTERIO DE JUSTICIA Y SEGURIDAD;Av. Regimiento De Patricios 1107;LA BOCA;COMUNA 4;VEREDA;-34.6402;-58.3692
128;128;PARQUE DEL BAJO;Tte. Gral. Juan Domingo Perón 133;SAN NICOLAS;COMUNA 1;PLAZA;-34.60515159134762;-58.36882117863417
130;130;RETIRO II;Av. Dr. José María Ramos Mejía 115;RETIRO;COMUNA 1;PLAZA;-34.591737677280214;-58.37436403766994
131;131;HOSPITAL DE CLÍNICAS;Pres. José E. Uriburu 888;RECOLETA;COMUNA 2;VEREDA;-34.5983;-58.399
132;132;CORRIENTES;Av. Corrientes 420;SAN NICOLAS;COMUNA 1;PLAZOLETA;-34.6031;-58.3725
134;134;SOLDADO DE LA FRONTERA ;Ana Diaz 5651;VILLA LUGANO;COMUNA 8;VEREDA;-34.683188;-58.468952
135;135;MARCELO T. DE ALVEAR ;Esmeralda 902;RETIRO;COMUNA 1;VEREDA;-34.5975;-58.3784
137;137;AZOPARDO Y CHILE;Azopardo 700;MONSERRAT;COMUNA 1;CALZADA;-34.6156;-58.3675
138;138;HOSPITAL BRITÁNICO;153 Perdriel;BARRACAS;COMUNA 4;CALZADA;-34.6354;-58.3877
144;144;PUEYRREDÓN;Boulogne Sur Mer 684;BALVANERA;COMUNA 3;CALZADA;-34.6021;-58.4061
146;146;HOSPITAL FRANCÉS;Carlos Calvo 3015;SAN CRISTOBAL;COMUNA 3;CALZADA;-34.6222;-58.4078
149;149;LIMA;Mexico 1000;MONSERRAT;COMUNA 1;PLAZOLETA;-34.6153;-58.3816
150;150;RODRIGO BUENO;Av. España 2200;PUERTO MADERO;COMUNA 1;VEREDA;-34.6233;-58.3535
151;151;AIME PAINÉ;Azucena Villaflor 489;PUERTO MADERO;COMUNA 1;PLAZOLETA;-34.6116;-58.3619
152;152;JULIETA LANTERI;Julieta Lanteri 1715;PUERTO MADERO;COMUNA 1;PLAZA;-34.6173;-58.3598
153;153;JUAN MANUEL BLANES;Av. Alte. Brown 653;LA BOCA;COMUNA 4;VEREDA;-34.630966;-58.362831
155;155;PARQUE URIBURU;Quilmes 491;NUEVA POMPEYA;COMUNA 4;CALZADA;-34.64504689342974;-58.41744881739322
156;156;PLAZA ALEMANIA;Cavia 2939;PALERMO;COMUNA 14;CALZADA;-34.5778;-58.4075
158;158;VILLARROEL;Villarroel 1321;CHACARITA;COMUNA 15;CALZADA;-34.5925;-58.4452
161;161;HUMAHUACA;Humahuaca 3912;ALMAGRO;COMUNA 5;CALZADA;-34.6021;-58.4195
162;162;LARREA Y BARTOLOMÉ MITRE;Larrea 80;BALVANERA;COMUNA 3;VEREDA;-34.609;-58.402
163;163;ONCE II;Av. Puerredon 35;BALVANERA;COMUNA 3;PLAZA;-34.6088;-58.406
164;164;FACULTAD DE INGENIERÍA;Av. Paseo Colón 823;SAN TELMO;COMUNA 1;VEREDA;-34.61733439654633; -58.369682027706354
165;165;PLAZA MONSEÑOR MIGUEL DE ANDREA;Dr. Tomas Manuel de Anchorena 984;RECOLETA;COMUNA 2;VEREDA;-34.597;-58.4076
166;166;CEMENTERIO DE RECOLETA;Vicente Lopez 2100;RECOLETA;COMUNA 2;VEREDA;-34.5894;-58.3928
167;275;PLAZA 24 DE SEPTIEMBRE;Av, San Martin 1355;CABALLITO;COMUNA 6;PLAZA;-34.6072;-58.448
168;168;ESTADOS UNIDOS;Estados Unidos 1000;CONSTITUCION;COMUNA 1;VEREDA;-34.6185;-58.3815
169;169;FACULTAD DE PSICOLOGIA;Hipólito Yrigoyen 3221;BALVANERA;COMUNA 3;PLAZA CERRADA;-34.6119;-58.4117
171;171;PASTEUR;Pasteur 519;BALVANERA;COMUNA 3;CALZADA;-34.6031;-58.3995
172;172;BRASIL;Brasil 406;SAN TELMO;COMUNA 1;PLAZA;-34.6254;-58.3711
174;174;MINISTERIO DE EDUCACIÓN;Marcelo T. de Alvear 1697;RECOLETA;COMUNA 2;PLAZOLETA;-34.5972;-58.3918
175;147;CONSTITUCIÓN;Av. Juan de Garay 1150;CONSTITUCION;COMUNA 1;PLAZOLETA;-34.6268;-58.3816
176;67;PARQUE SARMIENTO I;Av. Dr. Ricardo Balbin 4402 ;SAAVEDRA;COMUNA 12;VEREDA;-34.5555;-58.4958
177;177;PLANETARIO;Av. Belisario Roldan 4300;PALERMO;COMUNA 14;VEREDA;-34.5681;-58.4122
179;179;CASA SAN;Olavarria 861;LA BOCA;COMUNA 4;CALZADA;-34.6385;-58.3644
181;181;BILLINGHURST Y MANSILLA;Billinghurst 1520;RECOLETA;COMUNA 2;CALZADA;0;0
182;182;RAVIGNANI Y GUATEMALA;Dr. Emilio Ravignani 2185;PALERMO;COMUNA 14;CALZADA;-34.5781;-58.4352
183;183;VIRREY CEVALLOS;Mexico 1652;MONSERRAT;COMUNA 1;CALZADA;-34.6156;-58.3897
184;184;PEDRO ECHAGUE;Pedro Echague 1878;PARQUE PATRICIOS;COMUNA 4;CALZADA;-34.6307;-58.3913
186;186;MANZANA 66;Moreno 2875;BALVANERA;COMUNA 3;PLAZA;-34.6135;-58.4062
187;261;QUINTEROS LIDORO;Av. J. Lidoro Quinteros 1483;BELGRANO;COMUNA 13;PLAZOLETA;-34.5525;-58.4509
188;373;JORGELINA DE SIMONE;Cochabamba 1755;CONSTITUCION;COMUNA 1;CALZADA;-34.6239;-58.3905
189;189;POSADAS;Posadas 1350;RETIRO;COMUNA 1;CALZADA;-34.5885;-58.3856
190;190;JUNCAL;Juncal 3302;PALERMO;COMUNA 14;CALZADA;-34.5852;-58.411
191;191;RIVADAVIA Y 9 DE JULIO;Pellegrini 27;SAN NICOLAS;COMUNA 1;PLAZOLETA;-34.6084;-58.3807
193;193;ARENALES Y AGUERO;Arenales 2882;RECOLETA;COMUNA 2;CALZADA;-34.5911;-58.406
194;194;PERÓN Y ACUÑA DE FIGUEROA;Tte. General Juan Domingo Peron 3997;ALMAGRO;COMUNA 5;CALZADA;-34.606;-58.4227
196;196;HOSPITAL ARGERICH;Pi y Margall 750;LA BOCA;COMUNA 4;VEREDA;-34.6278;-58.366
197;197;PLAZA CIUDAD DE UDINE;Mercedes 1480;FLORESTA;COMUNA 10;CALZADA;-34.6210;-58.4930
199;199;ESTADOS UNIDOS Y BOEDO;Estados Unidos 3568;BOEDO;COMUNA 5;CALZADA;-34.6224;-58.4159
200;200;AUSTRIA Y FRENCH;Austria 2080;RECOLETA;COMUNA 2;CALZADA;-34.5882;-58.4044
202;1;FACULTAD DE DERECHO;Av. Pres. Figueroa Alcorta 2120 ;RECOLETA;COMUNA 2;VEREDA;-34.5841;-58.3908
203;108;USINA DEL ARTE;Agustin R. Caffarena 49;LA BOCA;COMUNA 4;VEREDA;-34.6287;-58.356
204;167;HIPÓLITO YRIGOYEN;4300 Yrigoyen, Hipolito Av.;ALMAGRO;COMUNA 5;VEREDA;-34.6151;-58.4273
205;125;F. J. SANTAMARÍA DE ORO;Fray Justo Santamaria De Oro 2107;PALERMO;COMUNA 14;VEREDA;-34.5834;-58.4281
206;159;FITZ ROY Y GORRITI;Fitz Roy 1593;PALERMO;COMUNA 14;CALZADA;-34.5849;-58.4372
207;123;BASUALDO Y RODO;Guardia Nacional 1645;MATADEROS;COMUNA 9;CALZADA;-34.6523;-58.4874
208;145;RAVIGNANI;Emilio Ravignani 1802;PALERMO;COMUNA 14;CALZADA;-34.58071;-58.43840
210;335;GENERAL URQUIZA;Av. Pres. Figueroa Alcorta 3899;PALERMO;COMUNA 14;PLAZA;-34.5714;-58.4119
212;129;VELASCO;Juan Ramirez de Velasco 285;VILLA CRESPO;COMUNA 15;CALZADA;-34.6002;-58.4349
213;136;ACEVEDO;Acevedo 220;VILLA CRESPO;COMUNA 15;CALZADA;-34.5996;-58.4426
215;113;GUATEMALA;Guatemala 4773;PALERMO;COMUNA 14;CALZADA;-34.5858;-58.4251
216;59;CORONEL DÍAZ;Güemes 3328;PALERMO;COMUNA 14;CALZADA;-34.5902;-58.4115
219;140;LAS CASAS;Metán 3661;BOEDO;COMUNA 5;CALZADA;-34.6351;-58.4158
220;97;AVELINO DÍAZ;Doblas 1589;PARQUE CHACABUCO;COMUNA 7;CALZADA;-34.6353;-58.4275
222;160;GODOY CRUZ Y LIBERTADOR;Av. Cerviño 4301;PALERMO;COMUNA 14;VEREDA;-34.5759;-58.4185
223;178;JÓSE MÁRMOL;José Marmol 803;BOEDO;COMUNA 5;CALZADA;-34.6235;-58.4249
227;188;ARANGUREN;Dr. Juan Felipe Aranguren 131;CABALLITO;COMUNA 6;CALZADA;-34.6103607513338;-58.432762970544736
228;10;MADERO UCA;Av. Alicia Moreau De Justo 1600 ;PUERTO MADERO;COMUNA 1;VEREDA;-34.616337;-58.365773
229;243;PLAZOLETA CELEDONIO FLORES;Cordoba 6599;CHACARITA;COMUNA 15;PLAZOLETA;-34.5817;-58.4515
230;259;PLAZA CASTELLI;Echeverria 3249;BELGRANO;COMUNA 13;PLAZA CERRADA;-34.5679;-58.4641
231;384;PLAZA BENITO NAZAR;Valentin Virasoro 1349;VILLA CRESPO;COMUNA 15;PLAZA;-34.6051178734071;-58.44599958909253
232;252;TAMBORINI;Jose Pascual Tamborini 3821;COGHLAN;COMUNA 12;CALZADA;-34.56;-58.479
234;344;UNIVERSIDAD DI TELLA;Figueroa Alcorta 7350;BELGRANO;COMUNA 13;VEREDA;-34.5472856;-58.4466568
235;281;VILLA URQUIZA;Av. Triunvirato 4800;VILLA URQUIZA;COMUNA 12;VEREDA;-34.5737343092291;-58.486924092765236
236;254;PLAZA RAFAEL HERNÁNDEZ;Vuelta De Obligado 2004;BELGRANO;COMUNA 13;PLAZA;-34.5623;-58.455
237;302;ESTACION VILLA LURO;Virgilio 90;VILLA LURO;COMUNA 10;VEREDA;-34.6370;-58.5011
239;391;PLAZA REPUBLICA DE ECUADOR;Av. Pres.Figueroa Alcorta  5201;PALERMO;COMUNA 14;VEREDA;-34.565336526556834;-58.420620761500174
241;348;VILLA DEL PARQUE;Pedro Lozano 3127;VILLA DEL PARQUE;COMUNA 11;PLAZOLETA;-34.6009;-58.4945
242;103;MALBA;Av. Pres. Figueroa Alcorta 3451;PALERMO;COMUNA 14;VEREDA;-34.5772;-58.4032
245;248;HÚSARES;Husares 2201;BELGRANO;COMUNA 13;CALZADA;-34.5524;-58.443
247;282;TRONADOR;Guevara 1615;VILLA ORTUZAR;COMUNA 15;PLAZOLETA;-34.5841;-58.4663
248;346;PLAZA ZAPIOLA;Donado 2001;VILLA URQUIZA;COMUNA 12;PLAZA;-34.5737;-58.4743
251;388;PLAZA JOSE C PAZ;Dr. Prof. Pedro Chutro 2881;PARQUE PATRICIOS;COMUNA 4;CALZADA;-34.64177963405175;-58.40254647691817
252;331;CALIFORNIA;California 1774;BARRACAS;COMUNA 4;VEREDA;-34.6471;-58.3743
253;383;BOEDO Y VENEZUELA;Av. Boedo 339;ALMAGRO;COMUNA 5;VEREDA;-34.616968;-58.416822
254;276;PRIMERA JUNTA ;Av. Rivadavia 5414;CABALLITO;COMUNA 6;VEREDA;-34.620879;-58.441517
255;374;PUAN;Yerbal 1290;CABALLITO;COMUNA 6;CALZADA;-34.6221;-58.4485
257;264;PLAZA MARCO SASTRE;Miller 2511;VILLA URQUIZA;COMUNA 12;PLAZA;-34.5711;-58.4809
258;336;LA PAMPA;La Pampa 2520;BELGRANO;COMUNA 13;CALZADA;-34.5655;-58.4554
259;290;CLUB EXCURSIONISTAS;Migueletes 1782;BELGRANO;COMUNA 13;CALZADA;-34.559067;-58.444122
260;371;PASEO DE LAS AMERICAS;Av. Pres.Figueroa Alcorta  6400;BELGRANO;COMUNA 13;PARQUE;-34.55307941090303;-58.43522348866202
261;272;PLAZA BRUNO GIORDANO;Bruno Giordano 727;CABALLITO;COMUNA 6;PLAZA;-34.6159;-58.4406
262;349;PLAZA SAENZ PEÑA ;Andrés Lamas 1701;VILLA GENERAL MITRE;COMUNA 11;PLAZA;-34.609693723669096;-58.46722118485508
263;270;PLAZA DEL ANGEL GRIS;Calcena 380;FLORES;COMUNA 7;PLAZA;-34.6218;-58.4577
264;283;BALBIN II;Crisólogo Larralde 3811;SAAVEDRA;COMUNA 12;VEREDA;-34.555906184137925;-58.480964329037995
265;361;PLAZA DON SEGUNDO SOMBRA;Santander 2347;FLORES;COMUNA 7;VEREDA;-34.64195021386397;-58.45052006658483
267;315;BEIRO Y SAN MARTIN;Av. Francisco Beiro 3209;VILLA DEVOTO;COMUNA 11;VEREDA;-34.5976;-58.4985
268;399;GARCIA DEL RIO;Av. García del Río 3182;SAAVEDRA;COMUNA 12;PLAZA;-34.5503;-58.477
269;260;SAN MIGUEL DE GARICOITS;Virrey Loreto 3418;COLEGIALES;COMUNA 13;PLAZA;-34.5772;-58.4576
270;370;BEAUCHEF;Beauchef 1995;PARQUE CHACABUCO;COMUNA 7;CALZADA;-34.6401;-58.4302
271;365;VENANCIO FLORES;Gral. Venancio Flores 3181;FLORESTA;COMUNA 10;VEREDA;-34.6301;-58.4743
273;223;GAINZA;Gral. Martín de Gainza 494;CABALLITO;COMUNA 6;CALZADA;-34.6168;-58.4467
275;256;PLAZA NORUEGA;Amenabar 2170;BELGRANO;COMUNA 13;PLAZA;-34.5623;-58.4592
277;292;PLAZA BOLIVIA;Av. Del Libertador 4976;PALERMO;COMUNA 14;VEREDA;-34.5636;-58.4366
278;233;MONROE;Superi 2519;COGHLAN;COMUNA 12;CALZADA;-34.5641;-58.4697
280;222;SIMON BOLIVAR;Baldomero Fernandez Moreno 1701;PARQUE CHACABUCO;COMUNA 7;CALZADA;-34.6336;-58.4501
281;350;PLAZA IRLANDA;Av. Gaona 2200;CABALLITO;COMUNA 6;PLAZA;-34.6136;-58.4585
284;229;RIGLOS;Riglos 1037;PARQUE CHACABUCO;COMUNA 7;CALZADA;-34.6311;-58.435
289;255;BARRANCAS DE BELGRANO;Av. Virrey Vertiz 1909;BELGRANO;COMUNA 13;PLAZA;-34.5599;-58.4482
291;244;UADE;Lima 750;MONSERRAT;COMUNA 1;VEREDA;-34.617;-58.3815
299;221;CULPINA;Culpina 121;FLORES;COMUNA 7;CALZADA;-34.6316;-58.4662
301;309;UTN II;Mozart 2391;VILLA LUGANO;COMUNA 10;VEREDA;-34.6606;-58.4675
302;340;PLAZA NUEVA POMPEYA;Traful 3800;NUEVA POMPEYA;COMUNA 4;PLAZA;-34.6517;-58.4141
304;395;AGRONOMIA II;Av. Francisco Beiró 2120;AGRONOMIA;COMUNA 15;VEREDA;-34.5891;-58.4847
307;341;COMUNA 4;Av. Perito Moreno 2881;NUEVA POMPEYA;COMUNA 4;VEREDA;-34.6500;-58.4248
308;251;SOLAR DE LA ABADÍA;Maure 1819;PALERMO;COMUNA 14;VEREDA;-34.5677;-58.4369
309;298;PLAZA DR. JUAN B. TERAN;Nogoya 5539;VILLA REAL;COMUNA 10;VEREDA;-34.6217;-58.5199
310;356;ESTACION LUGANO;Martiniano Leguizamón 4401;VILLA LUGANO;COMUNA 8;CALZADA;-34.67946504459158;-58.47423242843683
311;213;HOSPITAL ALVEAR;Av. Warnes 2626;LA PATERNAL;COMUNA 15;VEREDA;-34.5971;-58.4758
316;205;SAN MARTIN;Cucha Cucha 1471;VILLA CRESPO;COMUNA 15;CALZADA;-34.6057;-58.4532
318;285;ESPINOSA;Espinosa 1785;VILLA CRESPO;COMUNA 15;CALZADA;-34.604;-58.4572
322;289;MONTAÑESES;Montañeses 2786;BELGRANO;COMUNA 13;CALZADA;-34.5514;-58.4541
323;240;ECHEVERRIA;Vidal 1981;BELGRANO;COMUNA 13;CALZADA;-34.5652;-58.4594
324;280;JURAMENTO;Juramento 5209;VILLA URQUIZA;COMUNA 12;CALZADA;-34.579;-58.4841
327;366;VILLA OLIMPICA;Escalada 4347;VILLA LUGANO;COMUNA 8;PLAZOLETA;-34.6767;-58.4543
329;100;PLAZA GURRUCHAGA;Gurruchaga 1078;VILLA CRESPO;COMUNA 15;CALZADA;-34.5932;-58.4353
330;148;LA PATERNAL;Punta Arenas 1798 ;LA PATERNAL;COMUNA 15;VEREDA;-34.600832;-58.472058
333;203;BEIRO;Av. Beiró 3572;VILLA DEVOTO;COMUNA 11;VEREDA;-34.6007;-58.5033
335;206;GALICIA;Galicia 2502;VILLA GENERAL MITRE;COMUNA 11;CALZADA;-34.6158;-58.4708
336;207;PLAZA ARENALES;Nueva York 3949;VILLA DEVOTO;COMUNA 11;VEREDA;-34.59973082956419;-58.51114585857785
340;359;PLAZA BALCARCE;Jaramillo 2324;NUÑEZ;COMUNA 13;CALZADA;-34.547632;-58.467946
342;218;CAMPANA;Campana 1523;VILLA SANTA RITA;COMUNA 11;CALZADA;-34.6168;-58.4843
348;231;MAGARIÑOS CERVANTES;Magariños Cervantes 2465;VILLA GENERAL MITRE;COMUNA 11;VEREDA;-34.6105;-58.4744
349;232;SUCRE Y MARTÍNEZ;Mcal. Antonio José de Sucre 3515;BELGRANO;COMUNA 13;CALZADA;-34.570508;-58.466323
353;237;MADERO OFFICE;Mariquita Sanchez De Thompson 367;PUERTO MADERO;COMUNA 1;CALZADA;-34.5991;-58.3643
355;242;PLAZOLETA RAFAEL DEL RIEGO;O` Higgins 1327;PALERMO;COMUNA 14;PLAZOLETA;-34.5674;-58.4464
358;249;BALBÍN;Conesa 2519;BELGRANO;COMUNA 13;CALZADA;-34.5614;-58.4656
359;250;FLENI;Montañeses 2292;BELGRANO;COMUNA 13;CALZADA;-34.5556;-58.4505
361;258;PLAZA J.J. PASO;Moldes 1399;COLEGIALES;COMUNA 13;CALZADA;-34.5691;-58.4537
362;262;HOLMBERG;Holmberg 2819;VILLA URQUIZA;COMUNA 12;VEREDA;-34.565922;-58.479912
363;354;JOSÉ MARTÍ ;Av. Eva Perón 3321 ;FLORES;COMUNA 7;VEREDA;-34.6441;-58.463
364;381;MATIENZO Y ARCE ;Tte. Benjamín Matienzo 1998;PALERMO;COMUNA 14;VEREDA;-34.570161;-58.435580
366;360;PLAZA RAMON FALCON;Cnel. Ramón L. Falcón 3992;VELEZ SARSFIELD;COMUNA 10;PLAZA;-34.6354;-58.4827
367;287;BELAUSTEGUI;Dr. Luis Belaustegui 2910;VILLA SANTA RITA;COMUNA 11;VEREDA;-34.61666;-58.47771
368;378;AGRONOMIA;San Martin 4351;AGRONOMIA;COMUNA 15;VEREDA;-34.5983;-58.4817
369;304;NAVARRO;Navarro 2625;AGRONOMIA;COMUNA 15;CALZADA;-34.5923;-58.4919
370;305;PLAZA MARTIN RODRIGUEZ;Pareja 3016;VILLA PUEYRREDON;COMUNA 12;CALZADA;-34.591;-58.5004
371;269;PLAZA DE LA MISERICORDIA;Lautaro 400;FLORES;COMUNA 7;CALZADA;-34.632024;-58.455436
372;322;MARTI Y DIRECTORIO;José Marti 404;FLORES;COMUNA 7;CALZADA;-34.6365;-58.4701
373;265;PLAZA EXODO JUJEÑO;Liverpool 2812;PARQUE CHAS;COMUNA 15;CALZADA;-34.5826;-58.481
374;367;EVA PERON;Primera Junta 3898;PARQUE AVELLANEDA;COMUNA 9;VEREDA;-34.6472;-58.4698
375;301;ARREGUI Y TERRADA;Arregui 2792;VILLA DEL PARQUE;COMUNA 11;CALZADA;-34.6049;-58.4848
376;324;LAS VICTORIAS;Av. Gaona 4660;FLORESTA;COMUNA 10;PLAZA CERRADA;-34.627116;-58.488456
378;215;HOSPITAL ALVAREZ;Bolivia 683;FLORES;COMUNA 7;CALZADA;-34.6231;-58.4683
379;390;DE LOS OMBÚES;Av. de los Ombúes 300;PALERMO;COMUNA 14;PARQUE;-34.5602;-58.4281
381;274;GAVILÁN;Gavilán 1200;VILLA GENERAL MITRE;COMUNA 11;VEREDA; -34.616059;-58.465886
382;204;BIARRITZ;Biarritz 2403;VILLA DEL PARQUE;COMUNA 11;CALZADA;-34.6055;-58.4774
383;263;PLAZA ECHEVERRIA ;Av. Triunvirato 5100;VILLA URQUIZA;COMUNA 12;PLAZA CERRADA;-34.571997;-58.489444
384;267;PLAZA 25 DE AGOSTO;Giribone 1436;VILLA ORTUZAR;COMUNA 15;PLAZOLETA;-34.5798;-58.4619
385;268;PLAZA ARISTOBULO DEL VALLE;Campana 2628;VILLA DEL PARQUE;COMUNA 11;CALZADA;-34.6064;-58.4932
386;277;COGHLAN;Estomba 2647;COGHLAN;COMUNA 12;VEREDA;-34.5658;-58.4755
387;278;DONATO ALVAREZ;Juan Agustin Garcia 1540 ;LA PATERNAL;COMUNA 15;CALZADA;-34.602;-58.4656
392;297;TRONADOR Y GARCIA DEL RIO;Garcia del Rio 4119;SAAVEDRA;COMUNA 12;VEREDA;0;0
393;300;JOSE ARTIGAS;Av. Del Campo 1301;LA PATERNAL;COMUNA 15;VEREDA;-34.5905;-58.4669
395;303;HUAURA;Huaura 1405;VILLA CRESPO;COMUNA 15;VEREDA;-34.5973;-58.4532
400;313;DE LOS INCAS;Av. de los Incas 4138;VILLA ORTUZAR;COMUNA 15;VEREDA;-34.57899;-58.46982
403;316;BUENOS AIRES;Suárez 3150;BARRACAS;COMUNA 4;PLAZA;-34.644761;-58.394418
407;330;PARQUE AVELLANEDA;Remedios 3895;PARQUE AVELLANEDA;COMUNA 9;CALZADA;-34.6423;-58.4783
408;364;CERETTI Y MANUELA PEDRAZA;Ceretti 3407;VILLA URQUIZA;COMUNA 12;CALZADA;-34.5691;-58.5003
412;372;VILLA SOLDATI;Carlos María Ramírez 2510 ;VILLA SOLDATI;COMUNA 8;VEREDA;-34.660321;-58.431967
413;382;MERCADO DE HACIENDA MATADEROS;Av. Lisandro de la Torre 2319;MATADEROS;COMUNA 9;VEREDA;-34.661673491982185; -58.50141458974461
414;385;FRANKLIN;Franklin 1100;CABALLITO;COMUNA 6;CALZADA;-34.611222;-58.450137
416;257;PLAZA FRANCISCO RAMIREZ;Manuela Pedraza 2700;NUÑEZ;COMUNA 13;CALZADA;-34.5533;-58.469
417;127;PLAZA LEONARDO N. ALEM;Cochrane 2407;VILLA PUEYRREDON;COMUNA 12;VEREDA;-34.5764;-58.5025
418;345;PLAZA MAFALDA;Conde 102;COLEGIALES;COMUNA 13;VEREDA;-34.5809;-58.4446
420;375;CIUDAD UNIVERSITARIA I;Intendente Güiraldes 2160;BELGRANO;COMUNA 13;VEREDA;-34.5446;-58.4396
422;379;PARQUE SARMIENTO II;Alfonsina Storni 3771;SAAVEDRA;COMUNA 12;CALZADA;-34.5645;-58.5029
423;43;PLAZA ALBERDI;Crisólito Larralde 4544;SAAVEDRA;COMUNA 12;CALZADA;-34.5593;-58.4876
424;387;LUNA;Luna 301;PARQUE PATRICIOS;COMUNA 4;PLAZA CERRADA;-34.639913;-58.399217
425;394;AV. LA PLATA;Av. La Plata 2400;NUEVA POMPEYA;COMUNA 4;VEREDA;-34.643025;-58.422804
426;396;PLAZA ALBERTI;Arcos 2665;BELGRANO;COMUNA 13;CALZADA;-34.555175319362526;-58.45829966920748
427;397;PARQUE SANTOJANNI;Acassuso 6373;LINIERS;COMUNA 9;VEREDA;-34.6484;-58.5136
428;225;HOSPITAL TORNÚ;Avalos 1052;PARQUE CHAS;COMUNA 15;CALZADA;-34.5875;-58.4741
429;201;PLAZA EJERCITO DE LOS ANDES;Albariño 40;VILLA LURO;COMUNA 10;VEREDA;-34.6394;-58.5099
431;362;PARQUE DE LA MEMORIA;Int. Güiraldes 2900;BELGRANO;COMUNA 13;VEREDA;-34.542628;-58.436913
432;187;JOSE MARIA MORENO;Jose Maria Moreno 141;CABALLITO;COMUNA 6;VEREDA;-34.6198;-58.4358
433;273;PLAZOLETA COLOMBIA;Brandsen 1619;BARRACAS;COMUNA 4;CALZADA;-34.6377;-58.3742
434;247;PLAZA LUCIO DEMARE;O`Higgins 3750;NUÑEZ;COMUNA 13;CALZADA;-34.5458;-58.4651
435;227;CLUB CIUDAD DE BUENOS AIRES;Miguel Sanchez 1477;NUÑEZ;COMUNA 13;VEREDA;-34.5447;-58.4598
436;253;PLAZA COLEGIALES;Tte. Benjamín Matienzo 2886;COLEGIALES;COMUNA 13;PLAZA;" -34.576349
";-58.443268
440;142;ARMENIA (EX ARMENIA Y GORRITI);Armenia 1525;PALERMO;COMUNA 14;CALZADA;-34.5906;-58.4289
441;16;LEGISLATURA;Peru 169;MONSERRAT;COMUNA 1;VEREDA;-34.61;-58.3749
444;61;MINISTERIO DE ECONOMIA;Av. Hipolito Yrigoyen 250;MONSERRAT;COMUNA 1;VEREDA;-34.6088;-58.3708
448;393;BARRIO 31;Islas Galápagos 2800;RETIRO;COMUNA 1;VEREDA;-34.58195948822291;-58.37879992249481
449;352;SAN JOSE DE FLORES;Av. Rivadavia  6955;FLORES;COMUNA 7;PLAZA;-34.628955;-58.463123
453;28;PLAZA DE LA BANDERA;Av. Gaona 5181;VELEZ SARSFIELD;COMUNA 10;VEREDA;-34.6295;-58.4945
454;176;PLAZA DERECHOS DEL HOMBRE;Cortina 551;VILLA LURO;COMUNA 10;VEREDA;-34.6341;-58.5070
455;39;PLAZA DON BOSCO;Elpidio Gonzales 5181;VILLA LURO;COMUNA 10;CALZADA;-34.6265;-58.5080
457;110;PLAZA CD DE BANFF;Roma 786;VERSALLES;COMUNA 10;CALZADA;-34.6281;-58.5217
458;219;PARQUE CHACABUCO II;Av. Asamblea 1400;PARQUE CHACABUCO;COMUNA 7;VEREDA;-34.6357;-58.4412
459;327;PLAZA RICCHERI;Quevedo 3473;VILLA DEVOTO;COMUNA 11;VEREDA;-34.6108;-58.5192
460;133;BEIRO Y SEGUROLA;Segurola 3194;VILLA DEVOTO;COMUNA 11;CALZADA;-34.6075;-58.5119
461;106;MOSCONI Y CONSTITUYENTES;Av. Constituyentes 4710;VILLA PUEYRREDON;COMUNA 12;VEREDA;-34.5810;-58.4938
464;377;CIUDAD UNIVERSITARIA III;Intendente Güiraldes 2160;BELGRANO;COMUNA 13;VEREDA;-34.541;-58.4441
465;192;HOSPITAL SIRIO;Gabriela Mistral 3325;VILLA DEVOTO;COMUNA 11;VEREDA;-34.5905;-58.5070
466;333;PARQUE DE LA ESTACIÓN;Dr. Tomás Manuel de Anchorena 170 ;ALMAGRO;COMUNA 5;VEREDA;-34.6081;-58.4118
467;328;SARMIENTO II;Sarmiento 2037;BALVANERA;COMUNA 3;VEREDA;-34.6059;-58.3959
468;84;TEATRO PICADERO;Riobamba 403;BALVANERA;COMUNA 3;VEREDA;-34.6043;-58.3938
469;62;PARQUE ONEGA ;Av. Gral.Mosconi 3780;VILLA DEVOTO;COMUNA 11;VEREDA;-34.593444;-58.513700
471;173;EL LIBERTADOR;"Av. San Martín 6220
";VILLA DEVOTO;COMUNA 11;VEREDA;-34.594629;-58.503195
472;310;FREIRE II ;Capitán Gral. Ramón Freire 1003;COLEGIALES;COMUNA 13;CALZADA;-34.575187076659;-58.4527906319557
473;216;EMILIO LAMARCA;Emilio Lamarca 2066;VILLA DEL PARQUE;COMUNA 11;VEREDA;-34.613317;-58.493297
474;224;BAIGORRIA;Baigorria 4101;MONTE CASTRO;COMUNA 10;CALZADA;-34.610464;-58.502507
475;238;PLAZA LAS TOSCANERAS;Coronel Ramón Lista 5500;VILLA REAL;COMUNA 10;CALZADA;-34.616378;-58.526223
476;279;PLAZA MONTE CASTRO;Gualeguaychú 1900;MONTE CASTRO;COMUNA 10;VEREDA;-34.61827423820474;-58.496582674242696
477;311;SECRETARIA DE INNOVACIÓN ;Av. Caseros 2309;PARQUE PATRICIOS;COMUNA 4;PLAZA; -34.635256;-58.394795
478;15;AMENÁBAR;Teodoro García 2613;COLEGIALES;COMUNA 13;CALZADA;-34.571971;-58.447372
479;347;CARABOBO;Pumacahua 9;FLORES;COMUNA 7;VEREDA;-34.626343;-58.455363
480;353;PLAZA VÉLEZ SARSFIELD;Chivilcoy 400;FLORESTA;COMUNA 10;VEREDA;-34.629637;-58.483559
481;369;PLAZA LARRAZABAL ;Av. Larrazabal 380;LINIERS;COMUNA 9;VEREDA;-34.643145;-58.512476
482;376;PASEO DE LA COSTANERA;Av.Costanera 6200;PALERMO;COMUNA 14;VEREDA;-34.550468;-58.430024
483;175;PLAZA MACKENNA;Cramer 4500;SAAVEDRA;COMUNA 12;CALZADA; -34.543649;-58.477103
484;295;SUPERÍ;Núñez 3486;SAAVEDRA;COMUNA 12;CALZADA;-34.555386;-58.476730
485;230;PASEO DE LA COSTANERA II;Av. Costanera Rafael Obligado 5100;PALERMO;COMUNA 14;VEREDA;-34.553465;-58.421440
486;220;PLAZA FÉLIX LIMA;Ramallo 2199;NUÑEZ;COMUNA 13;VEREDA;-34.541788;-58.470345
487;239;AVENIDA CRÁMER;Av. Crámer 2900;BELGRANO;COMUNA 13;VEREDA;-34.558062;-58.467104
488;234;AVENIDA TRIUNVIRATO;Av. Triunvirato 5752;VILLA URQUIZA;COMUNA 12;VEREDA;-34.565669;-58.495081
489;288;"SECRETARÍA DE DEPORTES
";Av. Libertador 7100;NUÑEZ;COMUNA 13;VEREDA;-34.547285;-58.456397
490;245;COSTANERA NORTE;Av. Costanera Rafael Obligado 1700;PALERMO;COMUNA 14;VEREDA;-34.5647705423327;-58.401989873041735
491;266;PLAZA SABATTINI;Colpayo 699;CABALLITO;COMUNA 6;PLAZA;-34.612476;-58.443326
492;325;MEDRANO;Bartolomé Mitre 3905;ALMAGRO;COMUNA 5;VEREDA;-34.60971;-58.42156
493;208;NICASIO OROÑO ;Nicasio Oroño 2598;LA PATERNAL;COMUNA 15;CALZADA;-34.596586;-58.462175
494;314;ALLENDE;Allende 2794;VILLA DEVOTO;COMUNA 11;CALZADA;-34.614739;"-58.511663
"
496;52;CAMPANA II;Cochrane 3298;VILLA PUEYRREDON;COMUNA 12;CALZADA;-34.583074;"-58.513127
"
497;307;CERETTI;Ceretti 2892;VILLA URQUIZA;COMUNA 12;VEREDA;-34.574375;-58.496180
498;55;HABANA ;Gral. José Gervasio Artigas 4298;VILLA PUEYRREDON;COMUNA 12;CALZADA;-34.586560;-58.494917
499;286;FILOSOFIA Y LETRAS;José Bonifacio 1407;CABALLITO;COMUNA 6;CALZADA;-34.628600442472106;-58.44677001739404
500;235;COMUNA 13 ;Ibera 2377;NUÑEZ;COMUNA 13;VEREDA;-34.553329;-58.464259
501;20;GRECIA;Grecia 3290 ;NUÑEZ;COMUNA 13;VEREDA;-34.549229;-58.461960
502;296;SAN ISIDRO LABRADOR;Av. San Isidro Labrador 4850;SAAVEDRA;COMUNA 12;PLAZA;-34.540635;"-58.475291
"
503;212;TRES ARROYOS;Tres arroyos 1500;CABALLITO;COMUNA 6;VEREDA; -34.608777;-58.460250
504;214;MORÓN;Morón 3089;FLORES;COMUNA 7;VEREDA;-34.624823;-58.475274
505;337;AV. J. B. JUSTO;Emilio Lamarca 915;VILLA SANTA RITA;COMUNA 11;VEREDA;-34.622758;-58.481934
506;40;PARQUE SALGUERO;Av. Costa Salguero 1222;PALERMO;COMUNA 14;VEREDA;-34.569435;-58.399369
507;271;VILLA SOLDATI II;23 de junio 4249;VILLA SOLDATI;COMUNA 8;VEREDA;-34.673247998308085;-58.45531940019619 
508;170;RAFAELA;Rafaela 4811;VILLA LURO;COMUNA 10;CALZADA;-34.639302;-58.494771
509;386;VELEZ SARSFIELD;Av. Carrasco 214;VELEZ SARSFIELD;COMUNA 10;VEREDA;-34.633478;-58.489938
511;284;AV. FOREST;Delgado 1569;VILLA ORTUZAR;COMUNA 15;EXTENSION VEREDA;-34.575381;-58.462861
512;195;PARQUE CHAS;Av. De los Incas 4535;PARQUE CHAS;COMUNA 15;VEREDA;-34.58165668337762;-58.47501385582269
513;308;SAN MARTÍN II;Av. San Martín 5129;AGRONOMÍA;COMUNA 15;VEREDA;-34.597068982726704;-58.49082751289518
515;294;PLAZOLETA RÍO DE LA PLATA;Av. Sarmiento 500;PALERMO;COMUNA 14;VEREDA;-34.5722124;-58.4128435
516;368;PLAZA DE LA SHOA ;Av. Del Libertador 3899;PALERMO;COMUNA 14;CALZADA;-34571029;-58422792
517;332;PACÍFICO II;Av. Int. Bullrich 300;PALERMO;COMUNA 14;VEREDA;-34.57441;-58.42476
518;329;LAS CAÑITAS;Clay 2818;PALERMO;COMUNA 14;VEREDA;-34.574070;-58.431763 
519;53;AV. DEL LIBERTADOR;Av Del Libertador 100;RETIRO;COMUNA 1 ;VEREDA;-34.59311755507604;-58.37515497704229
520;180;PARQUE OLÍMPICO;Av. Coronel Roca 3490;VILLA SOLDATI;COMUNA 8;PARQUE CERRADO;-34.672892;-58.444657
521;226;AV. WARNES ;Av. Warnes 2150;LA PATERNAL;COMUNA 15;VEREDA;-34.596385;-58.466246
522;119;PLAZOLETA BENEDIT;Av. Raúl Scalabrini Ortiz 5;VILLA CRESPO;COMUNA 15;VEREDA;-34.60225;-58.44255
523;389;AV. ELCANO;Av. Elcano 2998;COLEGIALES;COMUNA 13;VEREDA;-34.557878;-58.460525
524;338;AV. CABILDO;Av. Cabildo 2586;BELGRANO;COMUNA 13;VEREDA;-34.557878;-58.460525
525;317;ESCUELA RAGGIO;Av. Libertador 8620;NUÑEZ;COMUNA 13;VEREDA;-34.536534;-58.466584
526;88;NÚÑEZ;Av, Comodoro Martín Rivadavia 1680;NUÑEZ;COMUNA 13;VEREDA;-34.541574;-58.463431
527;68;AV. CORDOBA;Av. Cordoba 5403;VILLA CRESPO;COMUNA 15;VEREDA;-34.588726980456116;-58.43839673233925
528;42;SKATE PARK VILLA LURO;Av. Rivadavia 9301;VILLA LURO;COMUNA 10;VEREDA;-34.636678;-58.495337
19;19;PLAZA SAN MARTIN ;Av. Santa Fe 716;RETIRO;COMUNA 1;PLAZOLETA;-34.595314;-58.377603
529;11;RIO DE JANEIRO;Río de Janeiro 205;ALMAGRO;COMUNA 5;VEREDA;-34.613353;-58.430031
530;31;PARQUE RIVADAVIA ;Av Rivadavia 4750;CABALLITO;COMUNA 6;VEREDA;-34.616582;-58.432332
148;323;PARQUE AVELLANEDA II;Av. Directorio 4295;PARQUE AVELLANEDA;COMUNA 9;VEREDA;-34.64506517912786;-58.48443255141524
531;48;JOSE AMALFITANI;Juan Bautista Justo 6383;VERSALLES;COMUNA 10;VEREDA;-34.633625;-58.521090
532;72;INSTITUTO POLITECNICO MODELO;Av Constituyentes 5880;VILLA PUEYRREDON;COMUNA 12;VEREDA;-34.572873;-58.504065
533;77;CRISOLOGO LARRALDE;Galván 3601;SAAVEDRA;COMUNA 12;VEREDA;-34.560896;-58.492233
534;81;PARQUE DE LAS CIENCIAS;Soler 5300;PALERMO;COMUNA 14;VEREDA;-34.583028;-58.429904
535;90;HONORIO PUEYRREDON;Honorio Pueyrredón 1653;VILLA CRESPO;COMUNA 15;VEREDA;-34.602557;-58.449758
538;47;PARQUE DE LA INNOVACIÓN;Av. G. Udaondo 1146;NUÑEZ;COMUNA 13;VEREDA;-34.545091;-58.451432
